1129,"Aashirvaad Shudh Chakki Atta",,,,"Cooking Essentials > Atta and Flours"
1130,"Aashirvaad Shudh Chakki Atta - 5 kg pouch - ₹210",,210,285,
1131,"Aashirvaad Shudh Chakki Atta - 2 kg pouch - ₹100",,100,114,
1132,"Aashirvaad Shudh Chakki Atta - 10 kg pouch - ₹400",,400,570,
1133,"Zopnow Maida",,,,"Cooking Essentials > Atta and Flours"
1134,"Zopnow Maida - 2 kg pouch - ₹80",,80,120,
1135,"Zopnow Maida - 1 kg pouch - ₹50",,50,60,
1136,"Zopnow Besan - Flour",,,,"Cooking Essentials > Atta and Flours"
1137,"Zopnow Besan - Flour - 1 kg pouch - ₹70",,70,140,
1138,"Zopnow Besan - Flour - 2 kg pouch - ₹120",,120,280,
1139,"Zopnow Bansi Sooji",,,,"Cooking Essentials > Atta and Flours"
1140,"Zopnow Bansi Sooji - 1 kg pouch - ₹50",,50,75,
1141,"Zopnow Bansi Sooji - 2 kg pouch - ₹80",,80,150,
1142,"Zopnow Wheat Broken/Dalia",,,,"Cooking Essentials > Atta and Flours"
1143,"Zopnow Wheat Broken/Dalia - 1 kg pouch - ₹50",,50,80,
1144,"Zopnow Wheat Broken/Dalia - 2 kg pouch - ₹80",,80,160,
1145,"Zopnow Chiroti Sooji",,,,"Cooking Essentials > Atta and Flours"
1146,"Zopnow Chiroti Sooji - 1 kg pouch - ₹50",,50,60,
1147,"Zopnow Chiroti Sooji - 2 kg pouch - ₹80",,80,120,
1148,"Zopnow Idli - Sooji",,,,"Cooking Essentials > Atta and Flours"
1149,"Zopnow Idli - Sooji - 1 kg pouch - ₹50",,50,60,
1150,"Zopnow Idli - Sooji - 2 kg pouch - ₹80",,80,120,
1151,"Zopnow Ragi Flour/Nachni Atta",,,,"Cooking Essentials > Atta and Flours"
1152,"Zopnow Ragi Flour/Nachni Atta - 1 kg pouch - ₹50",,50,110,
1153,"Zopnow Ragi Flour/Nachni Atta - 2 kg pouch - ₹80",,80,220,
1154,"Zopnow Organic - Rice Flour",,,,"Cooking Essentials > Atta and Flours"
1155,"Zopnow Organic - Rice Flour - 1 kg pouch - ₹50",,50,99,
1156,"Zopnow Organic - Rice Flour - 2 kg pouch - ₹80",,80,198,
1157,"Aashirvaad Multigrains Atta",,,,"Cooking Essentials > Atta and Flours"
1158,"Aashirvaad Multigrains Atta - 5 kg pouch - ₹285",,285,310,
1159,"Aashirvaad Multigrains Atta - 10 kg pouch - ₹550",,550,620,
1160,"Aashirvaad Select Atta",,,,"Cooking Essentials > Atta and Flours"
1161,"Aashirvaad Select Atta - 5 kg pouch - ₹250",,250,300,
1162,"Aashirvaad Select Atta - 10 kg pouch - ₹280",,280,600,
1163,"Pillsbury Atta Chakki Fresh",,,,"Cooking Essentials > Atta and Flours"
1164,"Pillsbury Atta Chakki Fresh - 5 kg pouch - ₹199",,199,245,
1165,"Pillsbury Atta Chakki Fresh - 2 kg pouch - ₹90",,90,98,
1166,"Pillsbury Atta Chakki Fresh - 10 kg pouch - ₹355",,355,490,
1167,"Pillsbury Atta - Multigrain",,,,"Cooking Essentials > Atta and Flours"
1168,"Pillsbury Atta - Multigrain - 5 kg pouch - ₹260",,260,320,
1169,"Pillsbury Atta - Multigrain - 10 kg pouch - ₹500",,500,640,
1170,"Tata Sampann Besan - 100% Chana Dal",,,,"Cooking Essentials > Atta and Flours"
1171,"Tata Sampann Besan - 100% Chana Dal - 1 kg - ₹100",,100,125,
1172,"Tata Sampann Besan - 100% Chana Dal - 2 kg - ₹180",,180,250,
1173,"Aashirvaad Atta - Sugar Release Control",,,,"Cooking Essentials > Atta and Flours"
1174,"Aashirvaad Atta - Sugar Release Control - 2 kg pouch - ₹90",,90,134,
1175,"Aashirvaad Atta - Sugar Release Control - 1 kg pouch - ₹50",,50,67,
1176,"Aashirvaad Atta - Sugar Release Control - 5 kg pouch - ₹200",,200,335,
1178,"Nestle Nestle Nan Pro 2 Follow-Up Formula Powder - After 6 months, Stage 2",,,,"Personal Care &amp; Baby > Baby Care"
1179,"Nestle Nestle Nan Pro 2 Follow-Up Formula Powder - After 6 months, Stage 2 - 400 gm bag-in-box - ₹499",,499,590,
1180,"Pampers New Extra Large",,,,"Personal Care &amp; Baby > Baby Care"
1181,"Pampers New Extra Large - 56 pcs 56's pack - ₹799",,799,1044.05,
1182,"Pampers New Dry Large - 64 Diaper Pants",,,,"Personal Care &amp; Baby > Baby Care"
1183,"Pampers New Dry Large - 64 Diaper Pants - 64 pcs - ₹799",,799,1044.05,
1184,"Nestle Cerelac Fortified Baby Cereal With Milk, Multigrain & Fruits - From 12 Months",,,,"Personal Care &amp; Baby > Baby Care"
1185,"Nestle Cerelac Fortified Baby Cereal With Milk, Multigrain & Fruits - From 12 Months - 300 gm bag-in-box - ₹199",,199,252,
1186,"Baby Dove Rich Moisture Bar",,,,"Personal Care &amp; Baby > Baby Care"
1187,"Baby Dove Rich Moisture Bar - 75 gm - ₹39",,39,52,
1188,"Nestle Ceregrow - Multigrain Cereal With Milk & Fruits, From 2-5 Years",,,,"Personal Care &amp; Baby > Baby Care"
1189,"Nestle Ceregrow - Multigrain Cereal With Milk & Fruits, From 2-5 Years - 300 gm box - ₹199",,199,249.28,
1190,"Pampers Xtra Large New Monthly Box - 112 Diaper Pants",,,,"Personal Care &amp; Baby > Baby Care"
1191,"Pampers Xtra Large New Monthly Box - 112 Diaper Pants - 112 pcs - ₹1050",,1050,2089.05,
1192,"Nestle Nestle Nan Pro 4 Follow-up Formula Powder - After 18 months, Stage 4",,,,"Personal Care &amp; Baby > Baby Care"
1193,"Nestle Nestle Nan Pro 4 Follow-up Formula Powder - After 18 months, Stage 4 - 400 gm bag-in-box - ₹410",,410,575,
1194,"Nestle Cerelac Fortified Baby Cereal With Milk, Multigrain Dal Veg - From 12 Months",,,,"Personal Care &amp; Baby > Baby Care"
1195,"Nestle Cerelac Fortified Baby Cereal With Milk, Multigrain Dal Veg - From 12 Months - 300 gm - ₹199",,199,252,
1196,"Comfort Fabric Conditioner - For Baby, Pure",,,,"Personal Care &amp; Baby > Baby Care"
1197,"Comfort Fabric Conditioner - For Baby, Pure - 860 ml - ₹199",,199,244,
1198,"Nestle Nan Pro 1 Starter Infant Formula Powder - Upto 6 months, Stage 1",,,,"Personal Care &amp; Baby > Baby Care"
1199,"Nestle Nan Pro 1 Starter Infant Formula Powder - Upto 6 months, Stage 1 - 400 gm bag-in-box - ₹409",,409,595,
1200,"Johnson's Baby Shampoo",,,,"Personal Care &amp; Baby > Baby Care"
1201,"Johnson's Baby Shampoo - 200 ml - ₹130",,130,160.05,
1202,"Johnson's Baby Soap",,,,"Personal Care &amp; Baby > Baby Care"
1203,"Johnson's Baby Soap - 150 gm - ₹69",,69,81.6,
1204,"Nestle Lactogen 2 Follow-Up Formula Powder - After 6 months, Stage 2, 400g BIB Pack",,,,"Personal Care &amp; Baby > Baby Care"
1205,"Nestle Lactogen 2 Follow-Up Formula Powder - After 6 months, Stage 2, 400g BIB Pack - 400 gm - ₹282",,282,315,
1206,"Bella Cotton Pads",,,,"Personal Care &amp; Baby > Baby Care"
1207,"Bella Cotton Pads - 80 pcs (get 30% free) - ₹99",,99,129,
1208,"Amul Infant Milk Food - Amulspray",,,,"Personal Care &amp; Baby > Baby Care"
1209,"Amul Infant Milk Food - Amulspray - 1 kg pouch - ₹299",,299,380,
1210,"Nestle Lactogen 4 Follow-Up Formula Powder - After 18 months Upto 24 months, Stage 4",,,,"Personal Care &amp; Baby > Baby Care"
1211,"Nestle Lactogen 4 Follow-Up Formula Powder - After 18 months Upto 24 months, Stage 4 - 400 gm bag-in-box - ₹259",,259,295,
1212,"Nestle Nan Excella Pro 2 - Follow-Up Formula Powder, After 6 Months",,,,"Personal Care &amp; Baby > Baby Care"
1213,"Nestle Nan Excella Pro 2 - Follow-Up Formula Powder, After 6 Months - 400 gm - ₹499",,499,720,
1214,"Pampers Wipes - Baby Fresh Clean",,,,"Personal Care &amp; Baby > Baby Care"
1215,"Pampers Wipes - Baby Fresh Clean - 64 wipes - ₹99",,99,185,
1216,"Johnson's Baby skincare wipes",,,,"Personal Care &amp; Baby > Baby Care"
1217,"Johnson's Baby skincare wipes - 80 pcs - ₹199",,199,220.8,
1218,"Nestle Cerelac Fortified Baby Cereal With Milk, Wheat Apple - From 6 Months",,,,"Personal Care &amp; Baby > Baby Care"
1219,"Nestle Cerelac Fortified Baby Cereal With Milk, Wheat Apple - From 6 Months - 300 gm bag-in-box - ₹165",,165,185,
1220,"Horlicks Mother's Health & Nutrition Drink - Vanilla Flavour, No Added Sugar",,,,"Personal Care &amp; Baby > Baby Care"
1221,"Horlicks Mother's Health & Nutrition Drink - Vanilla Flavour, No Added Sugar - 500 gm carton - ₹359",,359,525,
1222,"Johnson's Baby Lotion",,,,"Personal Care &amp; Baby > Baby Care"
1223,"Johnson's Baby Lotion - 50 ml - ₹40",,40,50,
1224,"Mamypoko Pants - Extra Absorb Diaper, Extra Extra Large Size",,,,"Personal Care &amp; Baby > Baby Care"
1225,"Mamypoko Pants - Extra Absorb Diaper, Extra Extra Large Size - 22 pcs - ₹389",,389,499,
1226,"Nestle Cerelac Fortified Baby Cereal With Milk, Wheat Apple Cherry - From 8 Months",,,,"Personal Care &amp; Baby > Baby Care"
1227,"Nestle Cerelac Fortified Baby Cereal With Milk, Wheat Apple Cherry - From 8 Months - 300 gm bag-in-box - ₹189",,189,220,
1228,"Johnson's Baby Soap - Blossoms",,,,"Personal Care &amp; Baby > Baby Care"
1229,"Johnson's Baby Soap - Blossoms - 75 gm - ₹40",,40,50,
1230,"Nestle Nan Excella Pro 3 - Follow-Up Formula Powder, After 12 Months",,,,"Personal Care &amp; Baby > Baby Care"
1231,"Nestle Nan Excella Pro 3 - Follow-Up Formula Powder, After 12 Months - 400 gm - ₹499",,499,710,
1232,"Pampers New Medium - 76 Diaper Pants",,,,"Personal Care &amp; Baby > Baby Care"
1233,"Pampers New Medium - 76 Diaper Pants - 76 pcs - ₹799",,799,1044.05,
1234,"Huggies Wonder Pants Xtra Large - 56 Diapers",,,,"Personal Care &amp; Baby > Baby Care"
1235,"Huggies Wonder Pants Xtra Large - 56 Diapers - 56 pcs - ₹799",,799,959.84,
1236,"Huggies Wonder Pants Large - 64 Diapers",,,,"Personal Care &amp; Baby > Baby Care"
1237,"Huggies Wonder Pants Large - 64 Diapers - 64 pcs - ₹880",,880,959.84,
1238,"Huggies Wonder Pants Medium - 76 Diapers",,,,"Personal Care &amp; Baby > Baby Care"
1239,"Huggies Wonder Pants Medium - 76 Diapers - 76 pcs - ₹910",,910,959.84,
1240,"Nestle Cerelac Fortified Baby Cereal With Milk, Wheat-Rice Mixed Veg - From 10 Months",,,,"Personal Care &amp; Baby > Baby Care"
1241,"Nestle Cerelac Fortified Baby Cereal With Milk, Wheat-Rice Mixed Veg - From 10 Months - 300 gm bag-in-box - ₹189",,189,246,
1242,"Bella Cotton Cosmetic Balls",,,,"Personal Care &amp; Baby > Baby Care"
1243,"Bella Cotton Cosmetic Balls - 100 pcs pouch - ₹99",,99,129,
1244,"Johnson's Baby Skincare Wipes - Super Saver Pack",,,,"Personal Care &amp; Baby > Baby Care"
1245,"Johnson's Baby Skincare Wipes - Super Saver Pack - 80 pcs Rs. 60 off on pack of 2 - ₹329",,329,380,
1246,"Pampers New Dry Large Box Packs",,,,"Personal Care &amp; Baby > Baby Care"
1247,"Pampers New Dry Large Box Packs - 128 pcs - ₹1799",,1799,2089.05,
1248,"Huggies Wonder Pants Large (9-14 kg) - 46 Diaper Pants",,,,"Personal Care &amp; Baby > Baby Care"
1249,"Huggies Wonder Pants Large (9-14 kg) - 46 Diaper Pants - 46 pcs - ₹440",,440,639.59,
1250,"Mamypoko XXXL (18-35 kg) - 7 Diaper Pants",,,,"Personal Care &amp; Baby > Baby Care"
1251,"Mamypoko XXXL (18-35 kg) - 7 Diaper Pants - 7 pcs pouch - ₹199",,199,299,
1252,"Baby Dove Rich Moisture Baby Wipes",,,,"Personal Care &amp; Baby > Baby Care"
1253,"Baby Dove Rich Moisture Baby Wipes - 50 pulls - ₹99",,99,135,
1254,"Himalaya Baby Shampoo - Gentle Baby",,,,"Personal Care &amp; Baby > Baby Care"
1255,"Himalaya Baby Shampoo - Gentle Baby - 200 ml - ₹129",,129,160,
1256,"Johnson's Baby Powder",,,,"Personal Care &amp; Baby > Baby Care"
1257,"Johnson's Baby Powder - 400 gm - ₹179",,179,190,
1258,"Johnson's Baby Oil with vitamin E",,,,"Personal Care &amp; Baby > Baby Care"
1259,"Johnson's Baby Oil with vitamin E - 500 ml - ₹299",,299,361.9,
1261,"Aashirvaad Shudh Chakki Atta",,,,"Best Deals, Best sellers"
1262,"Aashirvaad Shudh Chakki Atta - 5 kg pouch - ₹210",,210,285,
1263,"Aashirvaad Shudh Chakki Atta - 2 kg pouch - ₹100",,100,114,
1264,"Aashirvaad Shudh Chakki Atta - 10 kg pouch - ₹400",,400,570,
1265,"Fortune Sunflower Refined Oil",,,,"Best Deals, Best sellers"
1266,"Fortune Sunflower Refined Oil - 1L pouch - ₹80",,80,120,
1267,"Fortune Sunflower Refined Oil - 5L pet jar - ₹349",,349,600,
1268,"Zopnow Sugar",,,,"Best Deals"
1269,"Zopnow Sugar - 5 kg - ₹199",,199,275,
1270,"Zopnow Sugar - 2 kg - ₹80",,80,110,
1271,"Zopnow Sugar - 1 kg - ₹42",,42,55,
1272,"Appy Juice - Sparkling Apple",,,,"Best Deals"
1273,"Appy Juice - Sparkling Apple - 2x1 L multipack - ₹99",,99,110,
1274,"7 Up Soft Drink",,,,"Best Deals"
1275,"7 Up Soft Drink - 2.25L - ₹78",,78,81,
1276,"MAGGI 2-Minute Instant Noodles - Masala",,,,"Best Deals, Best sellers"
1277,"MAGGI 2-Minute Instant Noodles - Masala - 560 gm pouch - ₹78",,,78,
1278,"MAGGI 2-Minute Instant Noodles - Masala - 70 gm pouch - ₹10",,,10,
1279,"MAGGI 2-Minute Instant Noodles - Masala - 420 gm pouch - ₹65",,,65,
1280,"Dettol Original Hand Wash Liquid Refill",,,,"Best Deals"
1281,"Dettol Original Hand Wash Liquid Refill - 750 ml - ₹99",,99,109,
1282,"Lifebuoy Total Hand Sanitizer Bottle",,,,"Best Deals, Best sellers"
1283,"Lifebuoy Total Hand Sanitizer Bottle - 500 ml - ₹99",,99,250,
1284,"Premium Tender and Antibiotic-free Chicken - Curry Cut (Skinless)",,,,"Best Deals"
1285,"Premium Tender and Antibiotic-free Chicken - Curry Cut (Skinless) - 1 kg - ₹180",,180,298,
1286,"Premium Tender and Antibiotic-free Chicken - Curry Cut (Skinless) - 2 kg - ₹310",,310,596,
1287,"Premium Tender and Antibiotic-free Chicken - Curry Cut (Skinless) - 500 gm - ₹99",,99,149,
1288,"Oreo Choco Creme Biscuits",,,,"Best Deals"
1289,"Oreo Choco Creme Biscuits - 360 gm multipack - ₹80",,80,90,
1290,"Amul Pure Ghee",,,,"Best Deals"
1291,"Amul Pure Ghee - 1L tin*2 - ₹455",,455,1040,
1292,"Tata Sampann Toor Dal",,,,"Best Deals, Best sellers"
1293,"Tata Sampann Toor Dal - 2 kg - ₹199",,199,298,
1294,"Tata Sampann Toor Dal - 1 kg - ₹110",,110,149,
1295,"Tata Sampann Toor Dal - 5 kg - ₹455",,455,745,
1296,Onion,,,,"Best Deals"
1297,"Onion - 1 kg - ₹10",,10,43.75,
1298,"Onion - 5 kg - ₹48",,48,218.75,
1299,Potato,,,,"Best Deals"
1300,"Potato - 1 kg - ₹10",,10,46.25,
1301,"Potato - 5 kg - ₹48",,48,231.25,
1302,"Tomato - Hybrid",,,,"Best Deals"
1303,"Tomato - Hybrid - 3 kg - ₹22",,22,82.5,
1304,"Tomato - Hybrid - 1 kg - ₹8",,8,27.5,
1305,"Tomato - Hybrid - 5 kg - ₹35",,35,137.5,
1306,"Mosambi - Economy",,,,"Best Deals"
1307,"Mosambi - Economy - 2 kg - ₹80",,80,90.82,
1308,"Mosambi - Economy - 1 kg - ₹45",,45,45.41,
1309,"Mosambi - Economy - 3 kg - ₹100",,100,136.25,
1311,"Britannia Biscuits - Marie Gold",,,,"Snacks &amp; Beverages > Biscuits"
1312,"Britannia Biscuits - Marie Gold - 93 gm - ₹8",,8,10,
1313,"Parle Gluco Biscuits - Parle-G",,,,"Snacks &amp; Beverages > Biscuits"
1314,"Parle Gluco Biscuits - Parle-G - 800 gm pouch - ₹50",,50,70,
1315,"Cadbury Oreo Biscuit - Vanilla Creme",,,,"Snacks &amp; Beverages > Biscuits"
1316,"Cadbury Oreo Biscuit - Vanilla Creme - 360 gm multipack - ₹70",,70,90,
1317,"Britannia Good Day Cashew Cookies",,,,"Snacks &amp; Beverages > Biscuits"
1318,"Britannia Good Day Cashew Cookies - 60 gm - ₹8",,8,10,
1319,"Britannia Nutri Choice Hi Fibre Digestive Biscuits",,,,"Snacks &amp; Beverages > Biscuits"
1320,"Britannia Nutri Choice Hi Fibre Digestive Biscuits - 250 gm - ₹49",,49,55,
1321,"Parle Biscuits - Monaco Salted Snack",,,,"Snacks &amp; Beverages > Biscuits"
1322,"Parle Biscuits - Monaco Salted Snack - 66.7 gm pouch - ₹8",,8,10,
1323,"Sunfeast Dark Fantasy - Choco Fills Biscuits - Cookies",,,,"Snacks &amp; Beverages > Biscuits"
1324,"Sunfeast Dark Fantasy - Choco Fills Biscuits - Cookies - 75 gm pouch - ₹25",,25,30,
1325,"Oreo Choco Creme Biscuits",,,,"Snacks &amp; Beverages > Biscuits"
1326,"Oreo Choco Creme Biscuits - 360 gm multipack - ₹80",,80,90,
1327,"Oreo Creme Biscuits - Vanilla 120G + Choco 120G + Strawberry 120G",,,,"Snacks &amp; Beverages > Biscuits"
1328,"Oreo Creme Biscuits - Vanilla 120G + Choco 120G + Strawberry 120G - Combo 3 items - ₹88",,88,90,
1329,"Parle Marie Biscuits",,,,"Snacks &amp; Beverages > Biscuits"
1330,"Parle Marie Biscuits - 250 gm pouch - ₹28",,28,30,
1331,"Sunfeast Marie Light Biscuits-Rich Taste",,,,"Snacks &amp; Beverages > Biscuits"
1332,"Sunfeast Marie Light Biscuits-Rich Taste - 200 gm pouch - ₹19",,19,20,
1333,"Mcvities Digestive Biscuits",,,,"Snacks &amp; Beverages > Biscuits"
1334,"Mcvities Digestive Biscuits - 100 gm pouch - ₹19",,19,20,
1335,"Parle Gluco Biscuits - Parle-G",,,,"Snacks &amp; Beverages > Biscuits"
1336,"Parle Gluco Biscuits - Parle-G - 100 gm - ₹8",,8,10,
1337,"Unibic Cookies - Honey Oatmeal",,,,"Snacks &amp; Beverages > Biscuits"
1338,"Unibic Cookies - Honey Oatmeal - 75 gm pouch - ₹19",,19,25,
1339,"Britannia Good Day Butter Cookies",,,,"Snacks &amp; Beverages > Biscuits"
1340,"Britannia Good Day Butter Cookies - 38 gm - ₹5",,,5,
1341,"Cadbury Oreo Creme Biscuit - Strawberry",,,,"Snacks &amp; Beverages > Biscuits"
1342,"Cadbury Oreo Creme Biscuit - Strawberry - 120 gm - ₹28",,28,30,
1343,"Cadbury Bourn Vita Chocolate, Pro Health Vitamins",,,,"Snacks &amp; Beverages > Biscuits"
1344,"Cadbury Bourn Vita Chocolate, Pro Health Vitamins - 120 gm pouch - ₹29",,29,30,
1345,"Sunfeast Farmlite Biscuit - Cookies Oats & Almonds",,,,"Snacks &amp; Beverages > Biscuits"
1346,"Sunfeast Farmlite Biscuit - Cookies Oats & Almonds - 150 gm carton - ₹40",,40,50,
1347,"Mcvities Digestive Biscuits",,,,"Snacks &amp; Beverages > Biscuits"
1348,"Mcvities Digestive Biscuits - 200 gm pack of 5 - ₹120",,120,159,
1349,"Sunfeast Dark Fantasy - Luxuria Choco Fills Biscuits - Cookies",,,,"Snacks &amp; Beverages > Biscuits"
1350,"Sunfeast Dark Fantasy - Luxuria Choco Fills Biscuits - Cookies - 150 gm carton - ₹45",,45,60,
1351,"Cadbury Oreo Dipped Cookie",,,,"Snacks &amp; Beverages > Biscuits"
1352,"Cadbury Oreo Dipped Cookie - 50 gm - ₹18",,18,20,
1353,"Pillsbury Pillsbury Cookie Cake Chocolate",,,,"Snacks &amp; Beverages > Biscuits"
1354,"Pillsbury Pillsbury Cookie Cake Chocolate - 120 gm - ₹45",,45,60,
1355,"Dukes Wafers - Waffy (Chocolate Flavor)",,,,"Snacks &amp; Beverages > Biscuits"
1356,"Dukes Wafers - Waffy (Chocolate Flavor) - 75 gm pouch - ₹39",,39,45,
1357,"Nestle Kitkat 4 Finger Chocolate Covered Wafer Bar",,,,"Snacks &amp; Beverages > Biscuits"
1358,"Nestle Kitkat 4 Finger Chocolate Covered Wafer Bar - 37.3 gm pouch - ₹19",,19,25,
1359,"Britannia Good Day Cashew Cookies",,,,"Snacks &amp; Beverages > Biscuits"
1360,"Britannia Good Day Cashew Cookies - 120 gm (pack of 5) - ₹59",,59,105,
1361,"Cadbury Oreo - Choco Creme Biscuit, Family Pack",,,,"Snacks &amp; Beverages > Biscuits"
1362,"Cadbury Oreo - Choco Creme Biscuit, Family Pack - 300 gm - ₹55",,55,75,
1364,"Vaseline Intensive Care Deep Restore Body Lotion",,,,"Skin Care > Body Care"
1365,"Vaseline Intensive Care Deep Restore Body Lotion - 400 ml - ₹199",,199,285,
1366,"Fair & Lovely Advanced Multi Vitamin Cream",,,,"Skin Care > Body Care"
1367,"Fair & Lovely Advanced Multi Vitamin Cream - 110 gm - ₹92",,92,98,
1368,"Nivea Nourishing Body Milk, 400ml With Free Nivea Original Care Lip Balm",,,,"Skin Care > Body Care"
1369,"Nivea Nourishing Body Milk, 400ml With Free Nivea Original Care Lip Balm - 400 ml - ₹199",,199,349,
1370,"POND'S Magic Freshness Talcum Powder, Acacia Honey",,,,"Skin Care > Body Care"
1371,"POND'S Magic Freshness Talcum Powder, Acacia Honey - 100 gm - ₹89",,89,99,
1372,"Parachute Advansed Body Lotion Coconut Milk Deep Nourish",,,,"Skin Care > Body Care"
1373,"Parachute Advansed Body Lotion Coconut Milk Deep Nourish - 400 ml - ₹121",,121,275,
1374,"Pond's Sandal Radiance Talc",,,,"Skin Care > Body Care"
1375,"Pond's Sandal Radiance Talc - 100 gm - ₹79",,79,99,
1376,"Himalaya Herbals Refreshing Body Lotion, Aloe and Cucumber",,,,"Skin Care > Body Care"
1377,"Himalaya Herbals Refreshing Body Lotion, Aloe and Cucumber - 400 ml - ₹199",,199,250,
1378,"Pond's Light Moisturiser",,,,"Skin Care > Body Care"
1379,"Pond's Light Moisturiser - 150 ml - ₹192",,192,199,
1380,"Parachute Advanced Soft Touch Body Lotion",,,,"Skin Care > Body Care"
1381,"Parachute Advanced Soft Touch Body Lotion - 250 ml - ₹99",,99,180,
1382,"Pond's Triple Vitamin Moisturising Body Lotion",,,,"Skin Care > Body Care"
1383,"Pond's Triple Vitamin Moisturising Body Lotion - 100 ml - ₹78",,78,87,
1384,"Pond's Dream flower Fragrant Talc, Pink Lilly",,,,"Skin Care > Body Care"
1385,"Pond's Dream flower Fragrant Talc, Pink Lilly - 400 gm - ₹199",,199,230,
1386,"Vaseline Intensive Care Advanced Repair Body Lotion",,,,"Skin Care > Body Care"
1387,"Vaseline Intensive Care Advanced Repair Body Lotion - 100 ml - ₹111",,111,140,
1388,"Olay Total Effects 7 in 1 Lightweight Anti Ageing Moisturizer Cream SPF 15",,,,"Skin Care > Body Care"
1389,"Olay Total Effects 7 in 1 Lightweight Anti Ageing Moisturizer Cream SPF 15 - 20 gm - ₹389",,389,399,
1390,"Vaseline Cocoa glow moisturizing Cream",,,,"Skin Care > Body Care"
1391,"Vaseline Cocoa glow moisturizing Cream - 250 ml - ₹199",,199,230,
1392,"LakmÃ© Peach Milk Soft Creme Moisturizer",,,,"Skin Care > Body Care"
1393,"LakmÃ© Peach Milk Soft Creme Moisturizer - 65 gm (50 gm with 30% extra) - ₹99",,99,100,
1394,"Himalaya Rich Cocoa Butter Body Cream",,,,"Skin Care > Body Care"
1395,"Himalaya Rich Cocoa Butter Body Cream - 200 ml - ₹212",,212,270,
1396,"Axe Signature Temptation Cologne Talc",,,,"Skin Care > Body Care"
1397,"Axe Signature Temptation Cologne Talc - 100 gm - ₹55",,55,70,
1398,"Olay Moisturizing Skin Cream",,,,"Skin Care > Body Care"
1399,"Olay Moisturizing Skin Cream - 50 gm - ₹199",,199,275,
1400,"Pond?s Starlight Talc",,,,"Skin Care > Body Care"
1401,"Pond?s Starlight Talc - 100 gm - ₹88",,88,99,
1402,"Pond's Juliet Rose Body Lotion",,,,"Skin Care > Body Care"
1403,"Pond's Juliet Rose Body Lotion - 300 ml - ₹190",,190,270,
1404,"Vaseline Healthy White Lightening Body Lotion",,,,"Skin Care > Body Care"
1405,"Vaseline Healthy White Lightening Body Lotion - 200 ml - ₹189",,189,210,
1406,"Pond?s Age Miracle Wrinkle Corrector Day Cream SPF 18 PA++",,,,"Skin Care > Body Care"
1407,"Pond?s Age Miracle Wrinkle Corrector Day Cream SPF 18 PA++ - 20 gm - ₹199",,199,225,
1408,"Olay Regenerist Advanced Anti Aging Micro Sculpting Intense Hydration with Hydra Firming Complex Skin Cream",,,,"Skin Care > Body Care"
1409,"Olay Regenerist Advanced Anti Aging Micro Sculpting Intense Hydration with Hydra Firming Complex Skin Cream - 50 gm - ₹1499",,1499,1699,
1410,"Dove Coconut Hand Cream",,,,"Skin Care > Body Care"
1411,"Dove Coconut Hand Cream - 50 gm - ₹199",,199,299,
1412,"Fair & Lovely Ayurvedic Care Face Cream",,,,"Skin Care > Body Care"
1413,"Fair & Lovely Ayurvedic Care Face Cream - 50 gm - ₹99",,99,125,
1414,"Nivea Oil in Lotion Cocoa Nourish",,,,"Skin Care > Body Care"
1415,"Nivea Oil in Lotion Cocoa Nourish - 200 ml - ₹390",,290,390,
1416,"Himalaya Herbals Intensive Body Lotion, Cocoa Butter",,,,"Skin Care > Body Care"
1417,"Himalaya Herbals Intensive Body Lotion, Cocoa Butter - 200 ml - ₹120",,120,150,
1418,"Yardley London English Lavender Moisturising Hand & Body Lotion",,,,"Skin Care > Body Care"
1419,"Yardley London English Lavender Moisturising Hand & Body Lotion - 350 ml (pack of 2) - ₹299",,299,580,
1420,"Nivea Soft Light Moisturizer Chilled Mint",,,,"Skin Care > Body Care"
1421,"Nivea Soft Light Moisturizer Chilled Mint - 100 ml - ₹139",,139,160,
1422,"Fair and Lovely BB Cream",,,,"Skin Care > Body Care"
1423,"Fair and Lovely BB Cream - 18 gm - ₹72",,72,79,
1424,"Cinthol Original Talc",,,,"Skin Care > Body Care"
1425,"Cinthol Original Talc - 300 gm - ₹129",,129,135,
1426,"Pond's Moisturising Cold Cream",,,,"Skin Care > Body Care"
1427,"Pond's Moisturising Cold Cream - 200 ml - ₹221",,221,299,
1428,"Dove Deep Moisturisation Cream",,,,"Skin Care > Body Care"
1429,"Dove Deep Moisturisation Cream - 250 ml - ₹218",,218,299,
1430,"Nivea Oil in Lotion Cocoa Nourish",,,,"Skin Care > Body Care"
1431,"Nivea Oil in Lotion Cocoa Nourish - 200 ml - ₹289",,289,375,
1433,"Dettol Original Hand Wash Liquid Refill",,,,"Personal Care &amp; Baby > Body Cleansing"
1434,"Dettol Original Hand Wash Liquid Refill - 750 ml - ₹99",,99,109,
1435,"Dove Cream Beauty Bathing Bar",,,,"Personal Care &amp; Baby > Body Cleansing"
1436,"Dove Cream Beauty Bathing Bar - 800 gm pack of 8 - ₹299",,299,380,
1437,"Pears Pure & Gentle Bathing Bar",,,,"Personal Care &amp; Baby > Body Cleansing"
1438,"Pears Pure & Gentle Bathing Bar - 125 gm (buy 4 and get 1 free) - ₹199",,199,234,
1439,"Dettol Bathing Bar Soap - Germ Protection, Original",,,,"Personal Care &amp; Baby > Body Cleansing"
1440,"Dettol Bathing Bar Soap - Germ Protection, Original - 6x125 gm multipack - ₹265",,265,300,
1441,"Dettol Bathing Bar Soap - Cool",,,,"Personal Care &amp; Baby > Body Cleansing"
1442,"Dettol Bathing Bar Soap - Cool - 8x125 gm multipack - ₹330",,330,400,
1443,"Medimix Bathing Soap - Ayurvedic Soap with 18 Herbs",,,,"Personal Care &amp; Baby > Body Cleansing"
1444,"Medimix Bathing Soap - Ayurvedic Soap with 18 Herbs - 125 gm carton - ₹35",,35,40,
1445,"Dettol Liquid Hand Wash - Skin Care",,,,"Personal Care &amp; Baby > Body Cleansing"
1446,"Dettol Liquid Hand Wash - Skin Care - 2x900 ml multipack - ₹275",,275,298,
1447,"Dettol Bathing Bar Soap - Skincare",,,,"Personal Care &amp; Baby > Body Cleansing"
1448,"Dettol Bathing Bar Soap - Skincare - 125 gm - ₹45",,45,50,
1449,"Mysore Sandal Bathing Soap",,,,"Personal Care &amp; Baby > Body Cleansing"
1450,"Mysore Sandal Bathing Soap - 75 gm - ₹29",,29,38,
1451,"Pears Oil Clear & Glow Soap Bar",,,,"Personal Care &amp; Baby > Body Cleansing"
1452,"Pears Oil Clear & Glow Soap Bar - 75 gm - ₹39",,39,41,
1453,"Dettol Original Handwash 200 ml + Sanitizer 50 ml",,,,"Personal Care &amp; Baby > Body Cleansing"
1454,"Dettol Original Handwash 200 ml + Sanitizer 50 ml - Combo 2 items - ₹99",,99,124,
1455,"Fiama Di Wills Gel Bathing Bar - Multi Variant",,,,"Personal Care &amp; Baby > Body Cleansing"
1456,"Fiama Di Wills Gel Bathing Bar - Multi Variant - 125 gm buy 4 &amp; get 1 free - ₹199",,199,240,
1457,"Himalaya Soap - Neem & Turmeric",,,,"Personal Care &amp; Baby > Body Cleansing"
1458,"Himalaya Soap - Neem & Turmeric - 6x125 gm multipack - ₹189",,189,237.6,
1459,"Himalaya Bathing Soap - Almond & Rose",,,,"Personal Care &amp; Baby > Body Cleansing"
1460,"Himalaya Bathing Soap - Almond & Rose - 7x75 gm multipack - ₹99",,99,120,
1461,"Palmolive Shower Gel - Aroma, Absolute Relax",,,,"Personal Care &amp; Baby > Body Cleansing"
1462,"Palmolive Shower Gel - Aroma, Absolute Relax - 750 ml - ₹299",,299,380,
1463,"Pears Bathing Soap - Soft & Fresh",,,,"Personal Care &amp; Baby > Body Cleansing"
1464,"Pears Bathing Soap - Soft & Fresh - 125 gm (pack of 4) - ₹120",,120,180,
1465,"Nivea Men Shower Gel - Active Clean Body Wash, Men",,,,"Personal Care &amp; Baby > Body Cleansing"
1466,"Nivea Men Shower Gel - Active Clean Body Wash, Men - 250 ml - ₹129",,129,199,
1467,"Dove Bathing Bar - Pink Rosa Beauty",,,,"Personal Care &amp; Baby > Body Cleansing"
1468,"Dove Bathing Bar - Pink Rosa Beauty - 2x(3x100 gm multipack) - ₹220",,220,290,
1469,"Palmolive Shower Gel - Aroma, Morning Tonic",,,,"Personal Care &amp; Baby > Body Cleansing"
1470,"Palmolive Shower Gel - Aroma, Morning Tonic - 750 ml - ₹220",,220,380,
1471,"Nivea Men Shower Gel - Pure Impact Body Wash, Men",,,,"Personal Care &amp; Baby > Body Cleansing"
1472,"Nivea Men Shower Gel - Pure Impact Body Wash, Men - 500 ml - ₹229",,229,261.75,
1473,"Pears Pure & Gentle Bathing Soap",,,,"Personal Care &amp; Baby > Body Cleansing"
1474,"Pears Pure & Gentle Bathing Soap - 75 gm (pack of 3) - ₹99",,99,105,
1475,"Lifebuoy Mild Care - Germ Protection Handwash Refill",,,,"Personal Care &amp; Baby > Body Cleansing"
1476,"Lifebuoy Mild Care - Germ Protection Handwash Refill - 750 ml - ₹79",,79,119,
1477,"Palmolive Shower Gel - Aroma Absolute Relax",,,,"Personal Care &amp; Baby > Body Cleansing"
1478,"Palmolive Shower Gel - Aroma Absolute Relax - 3x250 ml multipack - ₹499",,499,570,
1479,"Pears Shower Gel - Soft & Fresh",,,,"Personal Care &amp; Baby > Body Cleansing"
1480,"Pears Shower Gel - Soft & Fresh - 250 ml - ₹129",,129,180,
1481,"Palmolive Hand Wash - Hydrating, Foaming, Lime & Mint",,,,"Personal Care &amp; Baby > Body Cleansing"
1482,"Palmolive Hand Wash - Hydrating, Foaming, Lime & Mint - 500 ml refill pack - ₹149",,149,180,
1483,"Nivea Shower Gel - Lemon & Oil Body Wash, Women",,,,"Personal Care &amp; Baby > Body Cleansing"
1484,"Nivea Shower Gel - Lemon & Oil Body Wash, Women - 250 ml - ₹139",,139,199,
1485,"Dove Body Wash - Almond Cream & Hibiscus",,,,"Personal Care &amp; Baby > Body Cleansing"
1486,"Dove Body Wash - Almond Cream & Hibiscus - 190 ml - ₹110",,110,140,
1487,"Santoor Hand Wash - Classic",,,,"Personal Care &amp; Baby > Body Cleansing"
1488,"Santoor Hand Wash - Classic - 215 ml buy 1 get 1 free - ₹79",,79,99,
1489,"Dove Deeply Nourishing Body Wash",,,,"Personal Care &amp; Baby > Body Cleansing"
1490,"Dove Deeply Nourishing Body Wash - 190 ml - ₹99",,99,115,
1491,"Hygienix Anti-Bacterial Hand Sanitiser",,,,"Personal Care &amp; Baby > Body Cleansing"
1492,"Hygienix Anti-Bacterial Hand Sanitiser - 200 ml - ₹78",,78,100,
1493,"Santoor Sandal & Turmeric Soap",,,,"Personal Care &amp; Baby > Body Cleansing"
1494,"Santoor Sandal & Turmeric Soap - 125 gm (pack of 8) - ₹220",,220,300,
1495,"Santoor Sandal & Turmeric Soap - Super Saver Pack",,,,"Personal Care &amp; Baby > Body Cleansing"
1496,"Santoor Sandal & Turmeric Soap - Super Saver Pack - 100 gm (pack of 4) - ₹88",,88,100,
1497,"Palmolive Hand Wash - Raspberry, Imported 250ml + Hand Wash - Lime & Mint, Imported 250ml",,,,"Personal Care &amp; Baby > Body Cleansing"
1498,"Palmolive Hand Wash - Raspberry, Imported 250ml + Hand Wash - Lime & Mint, Imported 250ml - Combo 2 items - ₹220",,220,280,
1499,"Santoor Sandal & Almond Milk Soap",,,,"Personal Care &amp; Baby > Body Cleansing"
1500,"Santoor Sandal & Almond Milk Soap - 125 gm (buy 4 and get 1 free) - ₹129",,129,150,
1502,"Quaker Oats",,,,"Packaged Foods > Breakfast Foods"
1503,"Quaker Oats - 1.5 kg pouch - ₹210",,210,260,
1504,"Kelloggs Chocos",,,,"Packaged Foods > Breakfast Foods"
1505,"Kelloggs Chocos - 375 gm - ₹160",,160,165,
1506,"Kelloggs Corn Flakes",,,,"Packaged Foods > Breakfast Foods"
1507,"Kelloggs Corn Flakes - 250 gm - ₹178",,178,180,
1508,"Saffola Masala Oats - Veggie Twist",,,,"Packaged Foods > Breakfast Foods"
1509,"Saffola Masala Oats - Veggie Twist - 500 gm - ₹177",,177,190,
1510,"Soulfull Ragi Bites - Choco Fills",,,,"Packaged Foods > Breakfast Foods"
1511,"Soulfull Ragi Bites - Choco Fills - 250 gm carton - ₹155",,155,169,
1512,"Kelloggs Special K",,,,"Packaged Foods > Breakfast Foods"
1513,"Kelloggs Special K - 435 gm - ₹199",,199,210,
1514,"Kelloggs Strawberry Corn Flakes",,,,"Packaged Foods > Breakfast Foods"
1515,"Kelloggs Strawberry Corn Flakes - 300 gm - ₹133",,133,140,
1516,"Kelloggs Wheat Flakes - All Bran",,,,"Packaged Foods > Breakfast Foods"
1517,"Kelloggs Wheat Flakes - All Bran - 425 gm carton - ₹199",,199,205,
1518,"Kelloggs Chocos - Moon and Stars",,,,"Packaged Foods > Breakfast Foods"
1519,"Kelloggs Chocos - Moon and Stars - 350 gm carton - ₹155",,155,175,
1520,"Kelloggs Chocos Ragi",,,,"Packaged Foods > Breakfast Foods"
1521,"Kelloggs Chocos Ragi - 350 gm - ₹148",,148,180,
1522,"Kelloggs Muesli - With 21% Fruit & Nut",,,,"Packaged Foods > Breakfast Foods"
1523,"Kelloggs Muesli - With 21% Fruit & Nut - 500 gm pouch - ₹228",,228,315,
1524,"Bagrrys Muesli - No Added Sugar",,,,"Packaged Foods > Breakfast Foods"
1525,"Bagrrys Muesli - No Added Sugar - 1 kg - ₹499",,499,575,
1526,"Kelloggs Heart to Heart Oats",,,,"Packaged Foods > Breakfast Foods"
1527,"Kelloggs Heart to Heart Oats - 1 kg - ₹145",,145,185,
1528,"Bagrrys Oats - White",,,,"Packaged Foods > Breakfast Foods"
1529,"Bagrrys Oats - White - 1 kg pouch - ₹188",,188,190,
1531,"Scotch brite Sponge Wipe Large",,,,"Household &amp; Pets > Cleaning Tools"
1532,"Scotch brite Sponge Wipe Large - 3 pcs - ₹188",,188,193,
1533,"Scotch brite Steel Scrubber Combo",,,,"Household &amp; Pets > Cleaning Tools"
1534,"Scotch brite Steel Scrubber Combo - 3x1 pc multipack - ₹88",,88,90,
1535,"Exo Safal Steel Scrubber",,,,"Household &amp; Pets > Cleaning Tools"
1536,"Exo Safal Steel Scrubber - 1 pc - ₹10",,10,15,
1537,"Scotch brite Scrub Sponge Large",,,,"Household &amp; Pets > Cleaning Tools"
1538,"Scotch brite Scrub Sponge Large - 1 pc - ₹25",,25,30,
1539,"bb Combo Colin Cleaner - Glass and Household 500 ml + Scotch Brite Sponge Wipe Large 1 pc",,,,"Household &amp; Pets > Cleaning Tools"
1540,"bb Combo Colin Cleaner - Glass and Household 500 ml + Scotch Brite Sponge Wipe Large 1 pc - Combo 2 items - ₹155",,155,164,
1541,"Gala Floor T -Mop",,,,"Household &amp; Pets > Cleaning Tools"
1542,"Gala Floor T -Mop - 1 pc - ₹177",,177,199,
1543,"Exo Dishwash Bar - Anti-Bacterial, Round 700 gm + Safal Steel Scrubber 1 pc",,,,"Household &amp; Pets > Cleaning Tools"
1544,"Exo Dishwash Bar - Anti-Bacterial, Round 700 gm + Safal Steel Scrubber 1 pc - Combo 2 items - ₹55",,55,74,
1545,"bb Combo Harpic Bathroom Cleaning Liquid-Floral 500ml+Scotch Brite Scrub Sponge Large 1pc",,,,"Household &amp; Pets > Cleaning Tools"
1546,"bb Combo Harpic Bathroom Cleaning Liquid-Floral 500ml+Scotch Brite Scrub Sponge Large 1pc - Combo 2 items - ₹99",,99,124,
1547,"Gala T - Mop Refill",,,,"Household &amp; Pets > Cleaning Tools"
1548,"Gala T - Mop Refill - 1 pc - ₹110",,110,129,
1549,"Scotch brite Jet Scrubber Brush",,,,"Household &amp; Pets > Cleaning Tools"
1550,"Scotch brite Jet Scrubber Brush - 1 pc - ₹99",,99,127,
1551,"Gala Floor Wiper With Plastic Handle",,,,"Household &amp; Pets > Cleaning Tools"
1552,"Gala Floor Wiper With Plastic Handle - 1 pc - ₹129",,129,175,
1553,"Gala Toilet Brush - Double Hockey",,,,"Household &amp; Pets > Cleaning Tools"
1554,"Gala Toilet Brush - Double Hockey - 1 pc - ₹99",,99,130,
1555,"Scotch brite Bathroom Squeegee",,,,"Household &amp; Pets > Cleaning Tools"
1556,"Scotch brite Bathroom Squeegee - 1 pc - ₹299",,299,397,
1557,"Scotch brite Kitchen Wiper",,,,"Household &amp; Pets > Cleaning Tools"
1558,"Scotch brite Kitchen Wiper - 1 pc - ₹129",,129,150,
1559,"Gala Broom - Plastic Broom",,,,"Household &amp; Pets > Cleaning Tools"
1560,"Gala Broom - Plastic Broom - 1 pc - ₹129",,129,150,
1561,"Gala Dustpan",,,,"Household &amp; Pets > Cleaning Tools"
1562,"Gala Dustpan - 1 pc - ₹55",,55,65,
1563,"Scotch brite Jet Scrubber - Tough",,,,"Household &amp; Pets > Cleaning Tools"
1564,"Scotch brite Jet Scrubber - Tough - 1 pc - ₹129",,129,150,
1565,"Scotch brite Broom",,,,"Household &amp; Pets > Cleaning Tools"
1566,"Scotch brite Broom - 1 pc - ₹199",,199,280,
1567,"Gala Chandra Kharata/Broom",,,,"Household &amp; Pets > Cleaning Tools"
1568,"Gala Chandra Kharata/Broom - 1 pc - ₹89",,89,100,
1569,"Raju's Cloth Mopping Cloth - Big",,,,"Household &amp; Pets > Cleaning Tools"
1570,"Raju's Cloth Mopping Cloth - Big - 1 pc - ₹59",,59,99,
1571,"Scotch brite Microfiber Kitchen Wipe",,,,"Household &amp; Pets > Cleaning Tools"
1572,"Scotch brite Microfiber Kitchen Wipe - 1 pc - ₹155",,155,179,
1573,"Scotch brite Brush - Toilet Bowl Set",,,,"Household &amp; Pets > Cleaning Tools"
1574,"Scotch brite Brush - Toilet Bowl Set - 1 pc - ₹199",,199,252,
1575,"Gala Microfibre Duster",,,,"Household &amp; Pets > Cleaning Tools"
1576,"Gala Microfibre Duster - 1 pc - ₹99",,99,120,
1577,"Scotch brite Cotton Handle Mop",,,,"Household &amp; Pets > Cleaning Tools"
1578,"Scotch brite Cotton Handle Mop - 1 pc - ₹320",,320,370,
1580,"Tata Sampann Toor Dal",,,,"Cooking Essentials > Dals"
1581,"Tata Sampann Toor Dal - 2 kg - ₹199",,199,298,
1582,"Tata Sampann Toor Dal - 1 kg - ₹110",,110,149,
1583,"Tata Sampann Toor Dal - 5 kg - ₹455",,455,745,
1584,"Tata Sampann Urad Dal Whole White",,,,"Cooking Essentials > Dals"
1585,"Tata Sampann Urad Dal Whole White - 1 kg - ₹125",,125,200,
1586,"Tata Sampann Urad Dal Whole White - 2 kg - ₹210",,210,400,
